create table TRADING_RECORD (COMMODITY_ID varchar2(3), PURCHASE_DATE date, manager_id number(3), COMPODITY_PURCHASES number(3), COMMODITY_SALES number(3), COMMODITY_INVENTORY varchar2(3), COMMODITY_EXP date);
create table EMPLOYEES (EMPLOYEE_ID varchar2(3), EMPLOYEE_NAME varchar2(20), WORKING_HOUR nvarchar2(11), EMAIL nvarchar2(20), PHONE_NUMBER varchar2(15), HIRE_DATE date, JOB_ID varchar2(3), MANAGER_ID varchar2(3));
create table PRODUCT_INFORMATION(COMMODITY_NAME nvarchar2(10),COMMODITY_ID varchar2(3),COMMODITY_PRICE number(6),COMMODITY_POSITION nvarchar2(10));
create table EMPLOYEE_SALARY(EMPLOYEE_ID varchar2(3),SALARY number(6),ANNUAL_BONUS number(6));
create table JOBS(JOB_ID varchar2(3),JOB_TITLE varchar2(10),MIN_SALARY number(6),MAX_SALARY number(6));
create table EMPLOYEE_HISTORY(EMPLOYEE_ID varchar2(3),START_DATE date,END_DATE date,JOB_ID varchar2(3));
create table FINANCIAL_STATEMENTS(manager_id number(3),TOTAL_SALARY number(7),UTILITIES_COST number(5),COMMODITY_COST number(7),COMMODITY_INCOME number(7),MISCELLANEOUS_COST number(5));


insert into TRADING_RECORD(COMMODITY_ID , PURCHASE_DATE , manager_id , COMPODITY_PURCHASES , COMMODITY_SALES , COMMODITY_INVENTORY , COMMODITY_EXP )values(1,'10-4月-19',1,10,12,10,'14-4月-19');
insert into TRADING_RECORD(COMMODITY_ID , PURCHASE_DATE , manager_id , COMPODITY_PURCHASES , COMMODITY_SALES , COMMODITY_INVENTORY , COMMODITY_EXP )values(2,'10-3月-19',1,10,13,100,'1-4月-19');
insert into TRADING_RECORD(COMMODITY_ID , PURCHASE_DATE , manager_id , COMPODITY_PURCHASES , COMMODITY_SALES , COMMODITY_INVENTORY , COMMODITY_EXP )values(3,'1-3月-19',1,10,14,101,'7-3月-19');
insert into TRADING_RECORD(COMMODITY_ID , PURCHASE_DATE , manager_id , COMPODITY_PURCHASES , COMMODITY_SALES , COMMODITY_INVENTORY , COMMODITY_EXP )values(4,'10-2月-19',1,10,15,103,'1-3月-19');
insert into TRADING_RECORD(COMMODITY_ID , PURCHASE_DATE , manager_id , COMPODITY_PURCHASES , COMMODITY_SALES , COMMODITY_INVENTORY , COMMODITY_EXP )values(5,'10-3月-18',1,10,16,104,'10-3月-19');
SELECT * FROM TRADING_RECORD;

insert into EMPLOYEES(EMPLOYEE_ID , EMPLOYEE_NAME , WORKING_HOUR , EMAIL , PHONE_NUMBER , HIRE_DATE , JOB_ID , MANAGER_ID )values(100,'小名',24,'a123456789@gmail.com',0123456789,'10-3月-19',1,111);
insert into EMPLOYEES(EMPLOYEE_ID , EMPLOYEE_NAME , WORKING_HOUR , EMAIL , PHONE_NUMBER , HIRE_DATE , JOB_ID , MANAGER_ID )values(101,'小二名',24,'b123456789@gmail.com',0323456789,'10-2月-19',2,112);
insert into EMPLOYEES(EMPLOYEE_ID , EMPLOYEE_NAME , WORKING_HOUR , EMAIL , PHONE_NUMBER , HIRE_DATE , JOB_ID , MANAGER_ID )values(102,'小三名',24,'c123456789@gmail.com',0723456789,'1-3月-19',3,111);
insert into EMPLOYEES(EMPLOYEE_ID , EMPLOYEE_NAME , WORKING_HOUR , EMAIL , PHONE_NUMBER , HIRE_DATE , JOB_ID , MANAGER_ID )values(103,'小四名',24,'d123456789@gmail.com',0523456789,'10-7月-19',4,113);
insert into EMPLOYEES(EMPLOYEE_ID , EMPLOYEE_NAME , WORKING_HOUR , EMAIL , PHONE_NUMBER , HIRE_DATE , JOB_ID , MANAGER_ID )values(104,'小五名',24,'e123456789@gmail.com',0423456789,'5-7月-19',5,112);
SELECT * FROM EMPLOYEES;

insert into PRODUCT_INFORMATION(COMMODITY_NAME ,COMMODITY_ID ,COMMODITY_PRICE ,COMMODITY_POSITION)values('王水',1,12,'貨架一');
insert into PRODUCT_INFORMATION(COMMODITY_NAME ,COMMODITY_ID ,COMMODITY_PRICE ,COMMODITY_POSITION)values('忘情水',2,13,'貨架一');
insert into PRODUCT_INFORMATION(COMMODITY_NAME ,COMMODITY_ID ,COMMODITY_PRICE ,COMMODITY_POSITION)values('神奇藥水',3,14,'貨架一');
insert into PRODUCT_INFORMATION(COMMODITY_NAME ,COMMODITY_ID ,COMMODITY_PRICE ,COMMODITY_POSITION)values('期末歐趴糖',4,15,'貨架四');
insert into PRODUCT_INFORMATION(COMMODITY_NAME ,COMMODITY_ID ,COMMODITY_PRICE ,COMMODITY_POSITION)values('心酸誰人知',5,16,'貨架四');
SELECT * FROM PRODUCT_INFORMATION;

insert into EMPLOYEE_SALARY(EMPLOYEE_ID ,SALARY ,ANNUAL_BONUS )values(100,20000,500);
insert into EMPLOYEE_SALARY(EMPLOYEE_ID ,SALARY ,ANNUAL_BONUS )values(101,25000,500);
insert into EMPLOYEE_SALARY(EMPLOYEE_ID ,SALARY ,ANNUAL_BONUS )values(102,27000,500);
insert into EMPLOYEE_SALARY(EMPLOYEE_ID ,SALARY ,ANNUAL_BONUS )values(103,24000,500);
insert into EMPLOYEE_SALARY(EMPLOYEE_ID ,SALARY ,ANNUAL_BONUS )values(104,27000,500);
SELECT * FROM EMPLOYEE_SALARY;

insert into JOBS(JOB_ID,JOB_TITLE ,MIN_SALARY,MAX_SALARY )values(1,'店員',20000,30000);
insert into JOBS(JOB_ID,JOB_TITLE ,MIN_SALARY,MAX_SALARY )values(2,'儲備',20000,30000);
insert into JOBS(JOB_ID,JOB_TITLE ,MIN_SALARY,MAX_SALARY )values(3,'外送',20000,30000);
insert into JOBS(JOB_ID,JOB_TITLE ,MIN_SALARY,MAX_SALARY )values(4,'倉儲',20000,30000);
insert into JOBS(JOB_ID,JOB_TITLE ,MIN_SALARY,MAX_SALARY )values(5,'收銀員',20000,30000);
SELECT * FROM JOBS;

insert into EMPLOYEE_HISTORY(EMPLOYEE_ID ,START_DATE ,END_DATE ,JOB_ID )values(100,'11-11月-18','11-11月-19',1);
insert into EMPLOYEE_HISTORY(EMPLOYEE_ID ,START_DATE ,END_DATE ,JOB_ID )values(101,'1-11月-18','11-11月-18',2);
insert into EMPLOYEE_HISTORY(EMPLOYEE_ID ,START_DATE ,END_DATE ,JOB_ID )values(102,'11-11月-18','11-1月-18',3);
insert into EMPLOYEE_HISTORY(EMPLOYEE_ID ,START_DATE ,END_DATE ,JOB_ID )values(103,'11-11月-18','1-11月-19',4);
insert into EMPLOYEE_HISTORY(EMPLOYEE_ID ,START_DATE ,END_DATE ,JOB_ID )values(104,'1-11月-17','11-11月-18',5);
SELECT * FROM EMPLOYEE_HISTORY;

insert into FINANCIAL_STATEMENTS(manager_id,TOTAL_SALARY ,UTILITIES_COST ,COMMODITY_COST,COMMODITY_INCOME ,MISCELLANEOUS_COST )values(111,100000,12000,130000,50000,20000);
insert into FINANCIAL_STATEMENTS(manager_id,TOTAL_SALARY ,UTILITIES_COST ,COMMODITY_COST,COMMODITY_INCOME ,MISCELLANEOUS_COST )values(112,100000,12000,130500,54000,20000);
insert into FINANCIAL_STATEMENTS(manager_id,TOTAL_SALARY ,UTILITIES_COST ,COMMODITY_COST,COMMODITY_INCOME ,MISCELLANEOUS_COST )values(111,100000,12000,135000,55000,20000);
insert into FINANCIAL_STATEMENTS(manager_id,TOTAL_SALARY ,UTILITIES_COST ,COMMODITY_COST,COMMODITY_INCOME ,MISCELLANEOUS_COST )values(114,100000,12000,137000,52000,27000);
insert into FINANCIAL_STATEMENTS(manager_id,TOTAL_SALARY ,UTILITIES_COST ,COMMODITY_COST,COMMODITY_INCOME ,MISCELLANEOUS_COST )values(113,100000,11000,134000,51000,12000);
SELECT * FROM FINANCIAL_STATEMENTS;